<?xml version="1.0" encoding="UTF-8"?>
<GenRun Id="synth_1" LaunchPart="xc7a35tcpg236-1" LaunchTime="1764143086">
  <File Type="PA-TCL" Name="VGA_RGB_Controller.tcl"/>
  <File Type="RDS-PROPCONSTRS" Name="VGA_RGB_Controller_drc_synth.rpt"/>
  <File Type="REPORTS-TCL" Name="VGA_RGB_Controller_reports.tcl"/>
  <File Type="RDS-RDS" Name="VGA_RGB_Controller.vds"/>
  <File Type="RDS-UTIL" Name="VGA_RGB_Controller_utilization_synth.rpt"/>
  <File Type="RDS-UTIL-PB" Name="VGA_RGB_Controller_utilization_synth.pb"/>
  <File Type="RDS-DCP" Name="VGA_RGB_Controller.dcp"/>
  <File Type="VDS-TIMINGSUMMARY" Name="VGA_RGB_Controller_timing_summary_synth.rpt"/>
  <File Type="VDS-TIMING-PB" Name="VGA_RGB_Controller_timing_summary_synth.pb"/>
  <FileSet Name="sources" Type="DesignSrcs" RelSrcDir="$PSRCDIR/sources_1" RelGenDir="$PGENDIR/sources_1">
    <Filter Type="Srcs"/>
    <File Path="$PSRCDIR/sources_1/imports/Desktop/ImgMemReader.sv">
      <FileInfo>
        <Attr Name="ImportPath" Val="C:/Users/kccistc/Documents/카카오톡 받은 파일/project_snake_game.srcs/project_snake_game.srcs/sources_1/imports/Desktop/ImgMemReader.sv"/>
        <Attr Name="ImportTime" Val="1764134192"/>
        <Attr Name="UsedIn" Val="synthesis"/>
        <Attr Name="UsedIn" Val="implementation"/>
        <Attr Name="UsedIn" Val="simulation"/>
      </FileInfo>
    </File>
    <File Path="$PSRCDIR/sources_1/imports/Desktop/ImgROM.sv">
      <FileInfo>
        <Attr Name="ImportPath" Val="C:/Users/kccistc/Documents/카카오톡 받은 파일/project_snake_game.srcs/project_snake_game.srcs/sources_1/imports/Desktop/ImgROM.sv"/>
        <Attr Name="ImportTime" Val="1764134310"/>
        <Attr Name="UsedIn" Val="synthesis"/>
        <Attr Name="UsedIn" Val="implementation"/>
        <Attr Name="UsedIn" Val="simulation"/>
      </FileInfo>
    </File>
    <File Path="$PSRCDIR/sources_1/imports/Desktop/SnakeBoardMapper.sv">
      <FileInfo>
        <Attr Name="ImportPath" Val="C:/Users/kccistc/Documents/카카오톡 받은 파일/project_snake_game.srcs/project_snake_game.srcs/sources_1/imports/Desktop/SnakeBoardMapper.sv"/>
        <Attr Name="ImportTime" Val="1764131908"/>
        <Attr Name="UsedIn" Val="synthesis"/>
        <Attr Name="UsedIn" Val="implementation"/>
        <Attr Name="UsedIn" Val="simulation"/>
      </FileInfo>
    </File>
    <File Path="$PSRCDIR/sources_1/imports/Desktop/SnakesLaddersGameCore.sv">
      <FileInfo>
        <Attr Name="ImportPath" Val="C:/Users/kccistc/Documents/카카오톡 받은 파일/project_snake_game.srcs/project_snake_game.srcs/sources_1/imports/Desktop/SnakesLaddersGameCore.sv"/>
        <Attr Name="ImportTime" Val="1764131918"/>
        <Attr Name="UsedIn" Val="synthesis"/>
        <Attr Name="UsedIn" Val="implementation"/>
        <Attr Name="UsedIn" Val="simulation"/>
      </FileInfo>
    </File>
    <File Path="$PSRCDIR/sources_1/imports/Desktop/VGA_Decoder.sv">
      <FileInfo>
        <Attr Name="ImportPath" Val="C:/Users/kccistc/Documents/카카오톡 받은 파일/project_snake_game.srcs/project_snake_game.srcs/sources_1/imports/Desktop/VGA_Decoder.sv"/>
        <Attr Name="ImportTime" Val="1764133694"/>
        <Attr Name="UsedIn" Val="synthesis"/>
        <Attr Name="UsedIn" Val="implementation"/>
        <Attr Name="UsedIn" Val="simulation"/>
      </FileInfo>
    </File>
    <File Path="$PSRCDIR/sources_1/imports/Desktop/VGA_Renderer.sv">
      <FileInfo>
        <Attr Name="ImportPath" Val="C:/Users/kccistc/Documents/카카오톡 받은 파일/project_snake_game.srcs/project_snake_game.srcs/sources_1/imports/Desktop/VGA_Renderer.sv"/>
        <Attr Name="ImportTime" Val="1764137930"/>
        <Attr Name="UsedIn" Val="synthesis"/>
        <Attr Name="UsedIn" Val="implementation"/>
        <Attr Name="UsedIn" Val="simulation"/>
      </FileInfo>
    </File>
    <File Path="$PSRCDIR/sources_1/new/btn_debounce.sv">
      <FileInfo>
        <Attr Name="UsedIn" Val="synthesis"/>
        <Attr Name="UsedIn" Val="implementation"/>
        <Attr Name="UsedIn" Val="simulation"/>
      </FileInfo>
    </File>
    <File Path="$PSRCDIR/sources_1/imports/Desktop/pclk_gen.sv">
      <FileInfo>
        <Attr Name="ImportPath" Val="C:/Users/kccistc/Documents/카카오톡 받은 파일/project_snake_game.srcs/project_snake_game.srcs/sources_1/imports/Desktop/pclk_gen.sv"/>
        <Attr Name="ImportTime" Val="1764131942"/>
        <Attr Name="UsedIn" Val="synthesis"/>
        <Attr Name="UsedIn" Val="implementation"/>
        <Attr Name="UsedIn" Val="simulation"/>
      </FileInfo>
    </File>
    <File Path="$PSRCDIR/sources_1/new/shake_effact.sv">
      <FileInfo>
        <Attr Name="UsedIn" Val="synthesis"/>
        <Attr Name="UsedIn" Val="implementation"/>
        <Attr Name="UsedIn" Val="simulation"/>
      </FileInfo>
    </File>
    <File Path="$PSRCDIR/sources_1/imports/Desktop/VGA_RGB_Controller.sv">
      <FileInfo>
        <Attr Name="ImportPath" Val="C:/Users/kccistc/Documents/카카오톡 받은 파일/project_snake_game.srcs/project_snake_game.srcs/sources_1/imports/Desktop/VGA_RGB_Controller.sv"/>
        <Attr Name="ImportTime" Val="1764136074"/>
        <Attr Name="UsedIn" Val="synthesis"/>
        <Attr Name="UsedIn" Val="implementation"/>
        <Attr Name="UsedIn" Val="simulation"/>
      </FileInfo>
    </File>
    <File Path="$PSRCDIR/sources_1/imports/Desktop/frame_buffer.sv">
      <FileInfo>
        <Attr Name="AutoDisabled" Val="1"/>
        <Attr Name="ImportPath" Val="C:/Users/kccistc/Documents/카카오톡 받은 파일/project_snake_game.srcs/project_snake_game.srcs/sources_1/imports/Desktop/frame_buffer.sv"/>
        <Attr Name="ImportTime" Val="1764131970"/>
        <Attr Name="UsedIn" Val="synthesis"/>
        <Attr Name="UsedIn" Val="implementation"/>
        <Attr Name="UsedIn" Val="simulation"/>
      </FileInfo>
    </File>
    <File Path="$PSRCDIR/sources_1/imports/Desktop/snake.mem">
      <FileInfo>
        <Attr Name="ImportPath" Val="C:/Users/kccistc/Documents/카카오톡 받은 파일/project_snake_game.srcs/project_snake_game.srcs/sources_1/imports/Desktop/snake.mem"/>
        <Attr Name="ImportTime" Val="1764131952"/>
        <Attr Name="UsedIn" Val="synthesis"/>
        <Attr Name="UsedIn" Val="simulation"/>
      </FileInfo>
    </File>
    <Config>
      <Option Name="DesignMode" Val="RTL"/>
      <Option Name="TopModule" Val="VGA_RGB_Controller"/>
      <Option Name="TopAutoSet" Val="TRUE"/>
    </Config>
  </FileSet>
  <FileSet Name="constrs_in" Type="Constrs" RelSrcDir="$PSRCDIR/constrs_1">
    <Filter Type="Constrs"/>
    <File Path="$PSRCDIR/constrs_1/imports/sources_1/MY_Basys-3-Master.xdc">
      <FileInfo>
        <Attr Name="ImportPath" Val="C:/Users/kccistc/Documents/카카오톡 받은 파일/project_snake_game.srcs/project_snake_game.srcs/constrs_1/imports/sources_1/MY_Basys-3-Master.xdc"/>
        <Attr Name="ImportTime" Val="1764136066"/>
        <Attr Name="UsedIn" Val="synthesis"/>
        <Attr Name="UsedIn" Val="implementation"/>
      </FileInfo>
    </File>
    <Config>
      <Option Name="ConstrsType" Val="XDC"/>
    </Config>
  </FileSet>
  <FileSet Name="utils" Type="Utils" RelSrcDir="$PSRCDIR/utils_1">
    <Filter Type="Utils"/>
    <Config>
      <Option Name="TopAutoSet" Val="TRUE"/>
    </Config>
  </FileSet>
  <Strategy Version="1" Minor="2">
    <StratHandle Name="Vivado Synthesis Defaults" Flow="Vivado Synthesis 2020">
      <Desc>Vivado Synthesis Defaults</Desc>
    </StratHandle>
    <Step Id="synth_design"/>
  </Strategy>
</GenRun>
