<?xml version="1.0" encoding="UTF-8"?>
<GenRun Id="impl_1" LaunchPart="xc7a35tcpg236-1" LaunchTime="1764648941">
  <File Type="BITSTR-BMM" Name="Snake_Game_Top_bd.bmm"/>
  <File Type="OPT-METHODOLOGY-DRC" Name="Snake_Game_Top_methodology_drc_opted.rpt"/>
  <File Type="INIT-TIMING" Name="Snake_Game_Top_timing_summary_init.rpt"/>
  <File Type="ROUTE-PWR" Name="Snake_Game_Top_power_routed.rpt"/>
  <File Type="PA-TCL" Name="Snake_Game_Top.tcl"/>
  <File Type="OPT-TIMING" Name="Snake_Game_Top_timing_summary_opted.rpt"/>
  <File Type="OPT-DCP" Name="Snake_Game_Top_opt.dcp"/>
  <File Type="ROUTE-PWR-SUM" Name="Snake_Game_Top_power_summary_routed.pb"/>
  <File Type="REPORTS-TCL" Name="Snake_Game_Top_reports.tcl"/>
  <File Type="OPT-DRC" Name="Snake_Game_Top_drc_opted.rpt"/>
  <File Type="OPT-HWDEF" Name="Snake_Game_Top.hwdef"/>
  <File Type="PWROPT-DCP" Name="Snake_Game_Top_pwropt.dcp"/>
  <File Type="PWROPT-DRC" Name="Snake_Game_Top_drc_pwropted.rpt"/>
  <File Type="PWROPT-TIMING" Name="Snake_Game_Top_timing_summary_pwropted.rpt"/>
  <File Type="PLACE-DCP" Name="Snake_Game_Top_placed.dcp"/>
  <File Type="PLACE-IO" Name="Snake_Game_Top_io_placed.rpt"/>
  <File Type="PLACE-CLK" Name="Snake_Game_Top_clock_utilization_placed.rpt"/>
  <File Type="PLACE-UTIL" Name="Snake_Game_Top_utilization_placed.rpt"/>
  <File Type="PLACE-UTIL-PB" Name="Snake_Game_Top_utilization_placed.pb"/>
  <File Type="PLACE-CTRL" Name="Snake_Game_Top_control_sets_placed.rpt"/>
  <File Type="PLACE-SIMILARITY" Name="Snake_Game_Top_incremental_reuse_placed.rpt"/>
  <File Type="PLACE-PRE-SIMILARITY" Name="Snake_Game_Top_incremental_reuse_pre_placed.rpt"/>
  <File Type="PLACE-TIMING" Name="Snake_Game_Top_timing_summary_placed.rpt"/>
  <File Type="POSTPLACE-PWROPT-DCP" Name="Snake_Game_Top_postplace_pwropt.dcp"/>
  <File Type="BG-BIN" Name="Snake_Game_Top.bin"/>
  <File Type="POSTPLACE-PWROPT-TIMING" Name="Snake_Game_Top_timing_summary_postplace_pwropted.rpt"/>
  <File Type="PHYSOPT-DCP" Name="Snake_Game_Top_physopt.dcp"/>
  <File Type="PHYSOPT-DRC" Name="Snake_Game_Top_drc_physopted.rpt"/>
  <File Type="BITSTR-MSK" Name="Snake_Game_Top.msk"/>
  <File Type="PHYSOPT-TIMING" Name="Snake_Game_Top_timing_summary_physopted.rpt"/>
  <File Type="ROUTE-ERROR-DCP" Name="Snake_Game_Top_routed_error.dcp"/>
  <File Type="ROUTE-DCP" Name="Snake_Game_Top_routed.dcp"/>
  <File Type="ROUTE-BLACKBOX-DCP" Name="Snake_Game_Top_routed_bb.dcp"/>
  <File Type="ROUTE-DRC" Name="Snake_Game_Top_drc_routed.rpt"/>
  <File Type="ROUTE-DRC-PB" Name="Snake_Game_Top_drc_routed.pb"/>
  <File Type="ROUTE-DRC-RPX" Name="Snake_Game_Top_drc_routed.rpx"/>
  <File Type="BITSTR-MMI" Name="Snake_Game_Top.mmi"/>
  <File Type="ROUTE-METHODOLOGY-DRC" Name="Snake_Game_Top_methodology_drc_routed.rpt"/>
  <File Type="ROUTE-METHODOLOGY-DRC-RPX" Name="Snake_Game_Top_methodology_drc_routed.rpx"/>
  <File Type="ROUTE-METHODOLOGY-DRC-PB" Name="Snake_Game_Top_methodology_drc_routed.pb"/>
  <File Type="ROUTE-PWR-RPX" Name="Snake_Game_Top_power_routed.rpx"/>
  <File Type="ROUTE-STATUS" Name="Snake_Game_Top_route_status.rpt"/>
  <File Type="ROUTE-STATUS-PB" Name="Snake_Game_Top_route_status.pb"/>
  <File Type="ROUTE-TIMINGSUMMARY" Name="Snake_Game_Top_timing_summary_routed.rpt"/>
  <File Type="ROUTE-TIMING-PB" Name="Snake_Game_Top_timing_summary_routed.pb"/>
  <File Type="ROUTE-TIMING-RPX" Name="Snake_Game_Top_timing_summary_routed.rpx"/>
  <File Type="ROUTE-SIMILARITY" Name="Snake_Game_Top_incremental_reuse_routed.rpt"/>
  <File Type="ROUTE-CLK" Name="Snake_Game_Top_clock_utilization_routed.rpt"/>
  <File Type="ROUTE-BUS-SKEW" Name="Snake_Game_Top_bus_skew_routed.rpt"/>
  <File Type="ROUTE-BUS-SKEW-PB" Name="Snake_Game_Top_bus_skew_routed.pb"/>
  <File Type="ROUTE-BUS-SKEW-RPX" Name="Snake_Game_Top_bus_skew_routed.rpx"/>
  <File Type="POSTROUTE-PHYSOPT-DCP" Name="Snake_Game_Top_postroute_physopt.dcp"/>
  <File Type="POSTROUTE-PHYSOPT-BLACKBOX-DCP" Name="Snake_Game_Top_postroute_physopt_bb.dcp"/>
  <File Type="POSTROUTE-PHYSOPT-TIMING" Name="Snake_Game_Top_timing_summary_postroute_physopted.rpt"/>
  <File Type="POSTROUTE-PHYSOPT-TIMING-PB" Name="Snake_Game_Top_timing_summary_postroute_physopted.pb"/>
  <File Type="POSTROUTE-PHYSOPT-TIMING-RPX" Name="Snake_Game_Top_timing_summary_postroute_physopted.rpx"/>
  <File Type="POSTROUTE-PHYSOPT-BUS-SKEW" Name="Snake_Game_Top_bus_skew_postroute_physopted.rpt"/>
  <File Type="POSTROUTE-PHYSOPT-BUS-SKEW-PB" Name="Snake_Game_Top_bus_skew_postroute_physopted.pb"/>
  <File Type="BG-BIT" Name="Snake_Game_Top.bit"/>
  <File Type="POSTROUTE-PHYSOPT-BUS-SKEW-RPX" Name="Snake_Game_Top_bus_skew_postroute_physopted.rpx"/>
  <File Type="BITSTR-RBT" Name="Snake_Game_Top.rbt"/>
  <File Type="BITSTR-NKY" Name="Snake_Game_Top.nky"/>
  <File Type="PDI-FILE" Name="Snake_Game_Top.pdi"/>
  <File Type="RCFI_FILE" Name="Snake_Game_Top.rcfi"/>
  <File Type="CFI_FILE" Name="Snake_Game_Top.cfi"/>
  <File Type="RNPI_FILE" Name="Snake_Game_Top.rnpi"/>
  <File Type="NPI_FILE" Name="Snake_Game_Top.npi"/>
  <File Type="RBD_FILE" Name="Snake_Game_Top.rbd"/>
  <File Type="BITSTR-LTX" Name="debug_nets.ltx"/>
  <File Type="BITSTR-LTX" Name="Snake_Game_Top.ltx"/>
  <File Type="BITSTR-SYSDEF" Name="Snake_Game_Top.sysdef"/>
  <File Type="BG-BGN" Name="Snake_Game_Top.bgn"/>
  <File Type="BG-DRC" Name="Snake_Game_Top.drc"/>
  <File Type="RDI-RDI" Name="Snake_Game_Top.vdi"/>
  <File Type="WBT-USG" Name="usage_statistics_webtalk.html"/>
  <FileSet Name="sources" Type="DesignSrcs" RelSrcDir="$PSRCDIR/sources_1" RelGenDir="$PGENDIR/sources_1">
    <Filter Type="Srcs"/>
    <File Path="$PSRCDIR/sources_1/imports/snake_game/camera/Camera_Power_Mgr.sv">
      <FileInfo>
        <Attr Name="ImportPath" Val="$PPRDIR/../master_code/snake_game/camera/Camera_Power_Mgr.sv"/>
        <Attr Name="ImportTime" Val="1764474101"/>
        <Attr Name="UsedIn" Val="synthesis"/>
        <Attr Name="UsedIn" Val="implementation"/>
        <Attr Name="UsedIn" Val="simulation"/>
      </FileInfo>
    </File>
    <File Path="$PSRCDIR/sources_1/imports/snake_game/camera/Face_Write_Ctrl.sv">
      <FileInfo>
        <Attr Name="ImportPath" Val="$PPRDIR/../master_code/snake_game/camera/Face_Write_Ctrl.sv"/>
        <Attr Name="ImportTime" Val="1764502410"/>
        <Attr Name="UsedIn" Val="synthesis"/>
        <Attr Name="UsedIn" Val="implementation"/>
        <Attr Name="UsedIn" Val="simulation"/>
      </FileInfo>
    </File>
    <File Path="$PSRCDIR/sources_1/imports/snake_game/camera/Game_Main_Ctrl.sv">
      <FileInfo>
        <Attr Name="ImportPath" Val="$PPRDIR/../master_code/snake_game/camera/Game_Main_Ctrl.sv"/>
        <Attr Name="ImportTime" Val="1764474101"/>
        <Attr Name="UsedIn" Val="synthesis"/>
        <Attr Name="UsedIn" Val="implementation"/>
        <Attr Name="UsedIn" Val="simulation"/>
      </FileInfo>
    </File>
    <File Path="$PSRCDIR/sources_1/imports/snake_game/camera/ImgMemReader.sv">
      <FileInfo>
        <Attr Name="ImportPath" Val="$PPRDIR/../master_code/snake_game/camera/ImgMemReader.sv"/>
        <Attr Name="ImportTime" Val="1764498474"/>
        <Attr Name="UsedIn" Val="synthesis"/>
        <Attr Name="UsedIn" Val="implementation"/>
        <Attr Name="UsedIn" Val="simulation"/>
      </FileInfo>
    </File>
    <File Path="$PSRCDIR/sources_1/imports/snake_game/game/ImgMemReader.sv">
      <FileInfo>
        <Attr Name="ImportPath" Val="$PPRDIR/../master_code/snake_game/game/ImgMemReader.sv"/>
        <Attr Name="ImportTime" Val="1764474101"/>
        <Attr Name="UsedIn" Val="synthesis"/>
        <Attr Name="UsedIn" Val="implementation"/>
        <Attr Name="UsedIn" Val="simulation"/>
      </FileInfo>
    </File>
    <File Path="$PSRCDIR/sources_1/imports/snake_game/game/ImgROM.sv">
      <FileInfo>
        <Attr Name="ImportPath" Val="$PPRDIR/../master_code/snake_game/game/ImgROM.sv"/>
        <Attr Name="ImportTime" Val="1764474101"/>
        <Attr Name="UsedIn" Val="synthesis"/>
        <Attr Name="UsedIn" Val="implementation"/>
        <Attr Name="UsedIn" Val="simulation"/>
      </FileInfo>
    </File>
    <File Path="$PSRCDIR/sources_1/imports/snake_game/camera/OV7670_Controller.sv">
      <FileInfo>
        <Attr Name="ImportPath" Val="$PPRDIR/../master_code/snake_game/camera/OV7670_Controller.sv"/>
        <Attr Name="ImportTime" Val="1764474101"/>
        <Attr Name="UsedIn" Val="synthesis"/>
        <Attr Name="UsedIn" Val="implementation"/>
        <Attr Name="UsedIn" Val="simulation"/>
      </FileInfo>
    </File>
    <File Path="$PSRCDIR/sources_1/imports/snake_game/camera/OV7670_Mem_Controller.sv">
      <FileInfo>
        <Attr Name="ImportPath" Val="$PPRDIR/../master_code/snake_game/camera/OV7670_Mem_Controller.sv"/>
        <Attr Name="ImportTime" Val="1764474101"/>
        <Attr Name="UsedIn" Val="synthesis"/>
        <Attr Name="UsedIn" Val="implementation"/>
        <Attr Name="UsedIn" Val="simulation"/>
      </FileInfo>
    </File>
    <File Path="$PSRCDIR/sources_1/imports/snake_game/Rank_Display.sv">
      <FileInfo>
        <Attr Name="ImportPath" Val="$PPRDIR/../master_code/snake_game/Rank_Display.sv"/>
        <Attr Name="ImportTime" Val="1764501581"/>
        <Attr Name="UsedIn" Val="synthesis"/>
        <Attr Name="UsedIn" Val="implementation"/>
        <Attr Name="UsedIn" Val="simulation"/>
      </FileInfo>
    </File>
    <File Path="$PSRCDIR/sources_1/imports/snake_game/game/SnakeBoardMapper.sv">
      <FileInfo>
        <Attr Name="ImportPath" Val="$PPRDIR/../master_code/snake_game/game/SnakeBoardMapper.sv"/>
        <Attr Name="ImportTime" Val="1764474101"/>
        <Attr Name="UsedIn" Val="synthesis"/>
        <Attr Name="UsedIn" Val="implementation"/>
        <Attr Name="UsedIn" Val="simulation"/>
      </FileInfo>
    </File>
    <File Path="$PSRCDIR/sources_1/imports/snake_game/game/SnakesLaddersGameCore.sv">
      <FileInfo>
        <Attr Name="ImportPath" Val="$PPRDIR/../master_code/snake_game/game/SnakesLaddersGameCore.sv"/>
        <Attr Name="ImportTime" Val="1764503268"/>
        <Attr Name="UsedIn" Val="synthesis"/>
        <Attr Name="UsedIn" Val="implementation"/>
        <Attr Name="UsedIn" Val="simulation"/>
      </FileInfo>
    </File>
    <File Path="$PSRCDIR/sources_1/imports/snake_game/Sound_Controller.sv">
      <FileInfo>
        <Attr Name="ImportPath" Val="$PPRDIR/../master_code/snake_game/Sound_Controller.sv"/>
        <Attr Name="ImportTime" Val="1764506372"/>
        <Attr Name="UsedIn" Val="synthesis"/>
        <Attr Name="UsedIn" Val="implementation"/>
        <Attr Name="UsedIn" Val="simulation"/>
      </FileInfo>
    </File>
    <File Path="$PSRCDIR/sources_1/imports/snake_game/game/VGA_Decoder.sv">
      <FileInfo>
        <Attr Name="ImportPath" Val="$PPRDIR/../master_code/snake_game/game/VGA_Decoder.sv"/>
        <Attr Name="ImportTime" Val="1764474101"/>
        <Attr Name="UsedIn" Val="synthesis"/>
        <Attr Name="UsedIn" Val="implementation"/>
        <Attr Name="UsedIn" Val="simulation"/>
      </FileInfo>
    </File>
    <File Path="$PSRCDIR/sources_1/imports/snake_game/game/VGA_Renderer.sv">
      <FileInfo>
        <Attr Name="ImportPath" Val="$PPRDIR/../master_code/snake_game/game/VGA_Renderer.sv"/>
        <Attr Name="ImportTime" Val="1764502623"/>
        <Attr Name="UsedIn" Val="synthesis"/>
        <Attr Name="UsedIn" Val="implementation"/>
        <Attr Name="UsedIn" Val="simulation"/>
      </FileInfo>
    </File>
    <File Path="$PSRCDIR/sources_1/imports/snake_game/game/board_shaker.sv">
      <FileInfo>
        <Attr Name="ImportPath" Val="$PPRDIR/../master_code/snake_game/game/board_shaker.sv"/>
        <Attr Name="ImportTime" Val="1764491777"/>
        <Attr Name="UsedIn" Val="synthesis"/>
        <Attr Name="UsedIn" Val="implementation"/>
        <Attr Name="UsedIn" Val="simulation"/>
      </FileInfo>
    </File>
    <File Path="$PSRCDIR/sources_1/imports/snake_game/game/btn_debounce.sv">
      <FileInfo>
        <Attr Name="ImportPath" Val="$PPRDIR/../master_code/snake_game/game/btn_debounce.sv"/>
        <Attr Name="ImportTime" Val="1764474101"/>
        <Attr Name="UsedIn" Val="synthesis"/>
        <Attr Name="UsedIn" Val="implementation"/>
        <Attr Name="UsedIn" Val="simulation"/>
      </FileInfo>
    </File>
    <File Path="$PSRCDIR/sources_1/imports/snake_game/camera/face_buffer_multi.sv">
      <FileInfo>
        <Attr Name="ImportPath" Val="$PPRDIR/../master_code/snake_game/camera/face_buffer_multi.sv"/>
        <Attr Name="ImportTime" Val="1764475190"/>
        <Attr Name="UsedIn" Val="synthesis"/>
        <Attr Name="UsedIn" Val="implementation"/>
        <Attr Name="UsedIn" Val="simulation"/>
      </FileInfo>
    </File>
    <File Path="$PSRCDIR/sources_1/imports/snake_game/camera/frame_buffer.sv">
      <FileInfo>
        <Attr Name="ImportPath" Val="$PPRDIR/../master_code/snake_game/camera/frame_buffer.sv"/>
        <Attr Name="ImportTime" Val="1764474101"/>
        <Attr Name="UsedIn" Val="synthesis"/>
        <Attr Name="UsedIn" Val="implementation"/>
        <Attr Name="UsedIn" Val="simulation"/>
      </FileInfo>
    </File>
    <File Path="$PSRCDIR/sources_1/imports/snake_game/camera/pclk_gen.sv">
      <FileInfo>
        <Attr Name="ImportPath" Val="$PPRDIR/../master_code/snake_game/camera/pclk_gen.sv"/>
        <Attr Name="ImportTime" Val="1764474101"/>
        <Attr Name="UsedIn" Val="synthesis"/>
        <Attr Name="UsedIn" Val="implementation"/>
        <Attr Name="UsedIn" Val="simulation"/>
      </FileInfo>
    </File>
    <File Path="$PSRCDIR/sources_1/imports/snake_game/game/shake_effact.sv">
      <FileInfo>
        <Attr Name="ImportPath" Val="$PPRDIR/../master_code/snake_game/game/shake_effact.sv"/>
        <Attr Name="ImportTime" Val="1764474101"/>
        <Attr Name="UsedIn" Val="synthesis"/>
        <Attr Name="UsedIn" Val="implementation"/>
        <Attr Name="UsedIn" Val="simulation"/>
      </FileInfo>
    </File>
    <File Path="$PSRCDIR/sources_1/imports/snake_game/Snake_Game_Top.sv">
      <FileInfo>
        <Attr Name="ImportPath" Val="$PPRDIR/../master_code/snake_game/Snake_Game_Top.sv"/>
        <Attr Name="ImportTime" Val="1764506325"/>
        <Attr Name="UsedIn" Val="synthesis"/>
        <Attr Name="UsedIn" Val="implementation"/>
        <Attr Name="UsedIn" Val="simulation"/>
      </FileInfo>
    </File>
    <File Path="$PSRCDIR/sources_1/imports/snake_game/snake.mem">
      <FileInfo>
        <Attr Name="ImportPath" Val="$PPRDIR/../master_code/snake_game/snake.mem"/>
        <Attr Name="ImportTime" Val="1764563217"/>
        <Attr Name="UsedIn" Val="synthesis"/>
        <Attr Name="UsedIn" Val="simulation"/>
      </FileInfo>
    </File>
    <Config>
      <Option Name="DesignMode" Val="RTL"/>
      <Option Name="TopModule" Val="Snake_Game_Top"/>
      <Option Name="TopAutoSet" Val="TRUE"/>
    </Config>
  </FileSet>
  <FileSet Name="constrs_in" Type="Constrs" RelSrcDir="$PSRCDIR/constrs_1">
    <Filter Type="Constrs"/>
    <File Path="$PSRCDIR/constrs_1/imports/snake_game/Basys-3-Master.xdc">
      <FileInfo>
        <Attr Name="ImportPath" Val="$PPRDIR/../master_code/snake_game/Basys-3-Master.xdc"/>
        <Attr Name="ImportTime" Val="1764503828"/>
        <Attr Name="UsedIn" Val="synthesis"/>
        <Attr Name="UsedIn" Val="implementation"/>
      </FileInfo>
    </File>
    <Config>
      <Option Name="ConstrsType" Val="XDC"/>
    </Config>
  </FileSet>
  <FileSet Name="utils" Type="Utils" RelSrcDir="$PSRCDIR/utils_1">
    <Filter Type="Utils"/>
    <Config>
      <Option Name="TopAutoSet" Val="TRUE"/>
    </Config>
  </FileSet>
  <Strategy Version="1" Minor="2">
    <StratHandle Name="Vivado Implementation Defaults" Flow="Vivado Implementation 2020">
      <Desc>Default settings for Implementation.</Desc>
    </StratHandle>
    <Step Id="init_design"/>
    <Step Id="opt_design"/>
    <Step Id="power_opt_design"/>
    <Step Id="place_design"/>
    <Step Id="post_place_power_opt_design"/>
    <Step Id="phys_opt_design"/>
    <Step Id="route_design"/>
    <Step Id="post_route_phys_opt_design"/>
    <Step Id="write_bitstream"/>
  </Strategy>
</GenRun>
