<?xml version="1.0" encoding="UTF-8"?>
<GenRun Id="synth_1" LaunchPart="xc7a35tcpg236-1" LaunchTime="1764648941">
  <File Type="PA-TCL" Name="Snake_Game_Top.tcl"/>
  <File Type="RDS-PROPCONSTRS" Name="Snake_Game_Top_drc_synth.rpt"/>
  <File Type="REPORTS-TCL" Name="Snake_Game_Top_reports.tcl"/>
  <File Type="RDS-RDS" Name="Snake_Game_Top.vds"/>
  <File Type="RDS-UTIL" Name="Snake_Game_Top_utilization_synth.rpt"/>
  <File Type="RDS-UTIL-PB" Name="Snake_Game_Top_utilization_synth.pb"/>
  <File Type="RDS-DCP" Name="Snake_Game_Top.dcp"/>
  <File Type="VDS-TIMINGSUMMARY" Name="Snake_Game_Top_timing_summary_synth.rpt"/>
  <File Type="VDS-TIMING-PB" Name="Snake_Game_Top_timing_summary_synth.pb"/>
  <FileSet Name="sources" Type="DesignSrcs" RelSrcDir="$PSRCDIR/sources_1" RelGenDir="$PGENDIR/sources_1">
    <Filter Type="Srcs"/>
    <File Path="$PSRCDIR/sources_1/imports/snake_game/camera/Camera_Power_Mgr.sv">
      <FileInfo>
        <Attr Name="ImportPath" Val="$PPRDIR/../master_code/snake_game/camera/Camera_Power_Mgr.sv"/>
        <Attr Name="ImportTime" Val="1764474101"/>
        <Attr Name="UsedIn" Val="synthesis"/>
        <Attr Name="UsedIn" Val="implementation"/>
        <Attr Name="UsedIn" Val="simulation"/>
      </FileInfo>
    </File>
    <File Path="$PSRCDIR/sources_1/imports/snake_game/camera/Face_Write_Ctrl.sv">
      <FileInfo>
        <Attr Name="ImportPath" Val="$PPRDIR/../master_code/snake_game/camera/Face_Write_Ctrl.sv"/>
        <Attr Name="ImportTime" Val="1764502410"/>
        <Attr Name="UsedIn" Val="synthesis"/>
        <Attr Name="UsedIn" Val="implementation"/>
        <Attr Name="UsedIn" Val="simulation"/>
      </FileInfo>
    </File>
    <File Path="$PSRCDIR/sources_1/imports/snake_game/camera/Game_Main_Ctrl.sv">
      <FileInfo>
        <Attr Name="ImportPath" Val="$PPRDIR/../master_code/snake_game/camera/Game_Main_Ctrl.sv"/>
        <Attr Name="ImportTime" Val="1764474101"/>
        <Attr Name="UsedIn" Val="synthesis"/>
        <Attr Name="UsedIn" Val="implementation"/>
        <Attr Name="UsedIn" Val="simulation"/>
      </FileInfo>
    </File>
    <File Path="$PSRCDIR/sources_1/imports/snake_game/camera/ImgMemReader.sv">
      <FileInfo>
        <Attr Name="ImportPath" Val="$PPRDIR/../master_code/snake_game/camera/ImgMemReader.sv"/>
        <Attr Name="ImportTime" Val="1764498474"/>
        <Attr Name="UsedIn" Val="synthesis"/>
        <Attr Name="UsedIn" Val="implementation"/>
        <Attr Name="UsedIn" Val="simulation"/>
      </FileInfo>
    </File>
    <File Path="$PSRCDIR/sources_1/imports/snake_game/game/ImgMemReader.sv">
      <FileInfo>
        <Attr Name="ImportPath" Val="$PPRDIR/../master_code/snake_game/game/ImgMemReader.sv"/>
        <Attr Name="ImportTime" Val="1764474101"/>
        <Attr Name="UsedIn" Val="synthesis"/>
        <Attr Name="UsedIn" Val="implementation"/>
        <Attr Name="UsedIn" Val="simulation"/>
      </FileInfo>
    </File>
    <File Path="$PSRCDIR/sources_1/imports/snake_game/game/ImgROM.sv">
      <FileInfo>
        <Attr Name="ImportPath" Val="$PPRDIR/../master_code/snake_game/game/ImgROM.sv"/>
        <Attr Name="ImportTime" Val="1764474101"/>
        <Attr Name="UsedIn" Val="synthesis"/>
        <Attr Name="UsedIn" Val="implementation"/>
        <Attr Name="UsedIn" Val="simulation"/>
      </FileInfo>
    </File>
    <File Path="$PSRCDIR/sources_1/imports/snake_game/camera/OV7670_Controller.sv">
      <FileInfo>
        <Attr Name="ImportPath" Val="$PPRDIR/../master_code/snake_game/camera/OV7670_Controller.sv"/>
        <Attr Name="ImportTime" Val="1764474101"/>
        <Attr Name="UsedIn" Val="synthesis"/>
        <Attr Name="UsedIn" Val="implementation"/>
        <Attr Name="UsedIn" Val="simulation"/>
      </FileInfo>
    </File>
    <File Path="$PSRCDIR/sources_1/imports/snake_game/camera/OV7670_Mem_Controller.sv">
      <FileInfo>
        <Attr Name="ImportPath" Val="$PPRDIR/../master_code/snake_game/camera/OV7670_Mem_Controller.sv"/>
        <Attr Name="ImportTime" Val="1764474101"/>
        <Attr Name="UsedIn" Val="synthesis"/>
        <Attr Name="UsedIn" Val="implementation"/>
        <Attr Name="UsedIn" Val="simulation"/>
      </FileInfo>
    </File>
    <File Path="$PSRCDIR/sources_1/imports/snake_game/Rank_Display.sv">
      <FileInfo>
        <Attr Name="ImportPath" Val="$PPRDIR/../master_code/snake_game/Rank_Display.sv"/>
        <Attr Name="ImportTime" Val="1764501581"/>
        <Attr Name="UsedIn" Val="synthesis"/>
        <Attr Name="UsedIn" Val="implementation"/>
        <Attr Name="UsedIn" Val="simulation"/>
      </FileInfo>
    </File>
    <File Path="$PSRCDIR/sources_1/imports/snake_game/game/SnakeBoardMapper.sv">
      <FileInfo>
        <Attr Name="ImportPath" Val="$PPRDIR/../master_code/snake_game/game/SnakeBoardMapper.sv"/>
        <Attr Name="ImportTime" Val="1764474101"/>
        <Attr Name="UsedIn" Val="synthesis"/>
        <Attr Name="UsedIn" Val="implementation"/>
        <Attr Name="UsedIn" Val="simulation"/>
      </FileInfo>
    </File>
    <File Path="$PSRCDIR/sources_1/imports/snake_game/game/SnakesLaddersGameCore.sv">
      <FileInfo>
        <Attr Name="ImportPath" Val="$PPRDIR/../master_code/snake_game/game/SnakesLaddersGameCore.sv"/>
        <Attr Name="ImportTime" Val="1764503268"/>
        <Attr Name="UsedIn" Val="synthesis"/>
        <Attr Name="UsedIn" Val="implementation"/>
        <Attr Name="UsedIn" Val="simulation"/>
      </FileInfo>
    </File>
    <File Path="$PSRCDIR/sources_1/imports/snake_game/Sound_Controller.sv">
      <FileInfo>
        <Attr Name="ImportPath" Val="$PPRDIR/../master_code/snake_game/Sound_Controller.sv"/>
        <Attr Name="ImportTime" Val="1764506372"/>
        <Attr Name="UsedIn" Val="synthesis"/>
        <Attr Name="UsedIn" Val="implementation"/>
        <Attr Name="UsedIn" Val="simulation"/>
      </FileInfo>
    </File>
    <File Path="$PSRCDIR/sources_1/imports/snake_game/game/VGA_Decoder.sv">
      <FileInfo>
        <Attr Name="ImportPath" Val="$PPRDIR/../master_code/snake_game/game/VGA_Decoder.sv"/>
        <Attr Name="ImportTime" Val="1764474101"/>
        <Attr Name="UsedIn" Val="synthesis"/>
        <Attr Name="UsedIn" Val="implementation"/>
        <Attr Name="UsedIn" Val="simulation"/>
      </FileInfo>
    </File>
    <File Path="$PSRCDIR/sources_1/imports/snake_game/game/VGA_Renderer.sv">
      <FileInfo>
        <Attr Name="ImportPath" Val="$PPRDIR/../master_code/snake_game/game/VGA_Renderer.sv"/>
        <Attr Name="ImportTime" Val="1764502623"/>
        <Attr Name="UsedIn" Val="synthesis"/>
        <Attr Name="UsedIn" Val="implementation"/>
        <Attr Name="UsedIn" Val="simulation"/>
      </FileInfo>
    </File>
    <File Path="$PSRCDIR/sources_1/imports/snake_game/game/board_shaker.sv">
      <FileInfo>
        <Attr Name="ImportPath" Val="$PPRDIR/../master_code/snake_game/game/board_shaker.sv"/>
        <Attr Name="ImportTime" Val="1764491777"/>
        <Attr Name="UsedIn" Val="synthesis"/>
        <Attr Name="UsedIn" Val="implementation"/>
        <Attr Name="UsedIn" Val="simulation"/>
      </FileInfo>
    </File>
    <File Path="$PSRCDIR/sources_1/imports/snake_game/game/btn_debounce.sv">
      <FileInfo>
        <Attr Name="ImportPath" Val="$PPRDIR/../master_code/snake_game/game/btn_debounce.sv"/>
        <Attr Name="ImportTime" Val="1764474101"/>
        <Attr Name="UsedIn" Val="synthesis"/>
        <Attr Name="UsedIn" Val="implementation"/>
        <Attr Name="UsedIn" Val="simulation"/>
      </FileInfo>
    </File>
    <File Path="$PSRCDIR/sources_1/imports/snake_game/camera/face_buffer_multi.sv">
      <FileInfo>
        <Attr Name="ImportPath" Val="$PPRDIR/../master_code/snake_game/camera/face_buffer_multi.sv"/>
        <Attr Name="ImportTime" Val="1764475190"/>
        <Attr Name="UsedIn" Val="synthesis"/>
        <Attr Name="UsedIn" Val="implementation"/>
        <Attr Name="UsedIn" Val="simulation"/>
      </FileInfo>
    </File>
    <File Path="$PSRCDIR/sources_1/imports/snake_game/camera/frame_buffer.sv">
      <FileInfo>
        <Attr Name="ImportPath" Val="$PPRDIR/../master_code/snake_game/camera/frame_buffer.sv"/>
        <Attr Name="ImportTime" Val="1764474101"/>
        <Attr Name="UsedIn" Val="synthesis"/>
        <Attr Name="UsedIn" Val="implementation"/>
        <Attr Name="UsedIn" Val="simulation"/>
      </FileInfo>
    </File>
    <File Path="$PSRCDIR/sources_1/imports/snake_game/camera/pclk_gen.sv">
      <FileInfo>
        <Attr Name="ImportPath" Val="$PPRDIR/../master_code/snake_game/camera/pclk_gen.sv"/>
        <Attr Name="ImportTime" Val="1764474101"/>
        <Attr Name="UsedIn" Val="synthesis"/>
        <Attr Name="UsedIn" Val="implementation"/>
        <Attr Name="UsedIn" Val="simulation"/>
      </FileInfo>
    </File>
    <File Path="$PSRCDIR/sources_1/imports/snake_game/game/shake_effact.sv">
      <FileInfo>
        <Attr Name="ImportPath" Val="$PPRDIR/../master_code/snake_game/game/shake_effact.sv"/>
        <Attr Name="ImportTime" Val="1764474101"/>
        <Attr Name="UsedIn" Val="synthesis"/>
        <Attr Name="UsedIn" Val="implementation"/>
        <Attr Name="UsedIn" Val="simulation"/>
      </FileInfo>
    </File>
    <File Path="$PSRCDIR/sources_1/imports/snake_game/Snake_Game_Top.sv">
      <FileInfo>
        <Attr Name="ImportPath" Val="$PPRDIR/../master_code/snake_game/Snake_Game_Top.sv"/>
        <Attr Name="ImportTime" Val="1764506325"/>
        <Attr Name="UsedIn" Val="synthesis"/>
        <Attr Name="UsedIn" Val="implementation"/>
        <Attr Name="UsedIn" Val="simulation"/>
      </FileInfo>
    </File>
    <File Path="$PSRCDIR/sources_1/imports/snake_game/snake.mem">
      <FileInfo>
        <Attr Name="ImportPath" Val="$PPRDIR/../master_code/snake_game/snake.mem"/>
        <Attr Name="ImportTime" Val="1764563217"/>
        <Attr Name="UsedIn" Val="synthesis"/>
        <Attr Name="UsedIn" Val="simulation"/>
      </FileInfo>
    </File>
    <Config>
      <Option Name="DesignMode" Val="RTL"/>
      <Option Name="TopModule" Val="Snake_Game_Top"/>
      <Option Name="TopAutoSet" Val="TRUE"/>
    </Config>
  </FileSet>
  <FileSet Name="constrs_in" Type="Constrs" RelSrcDir="$PSRCDIR/constrs_1">
    <Filter Type="Constrs"/>
    <File Path="$PSRCDIR/constrs_1/imports/snake_game/Basys-3-Master.xdc">
      <FileInfo>
        <Attr Name="ImportPath" Val="$PPRDIR/../master_code/snake_game/Basys-3-Master.xdc"/>
        <Attr Name="ImportTime" Val="1764503828"/>
        <Attr Name="UsedIn" Val="synthesis"/>
        <Attr Name="UsedIn" Val="implementation"/>
      </FileInfo>
    </File>
    <Config>
      <Option Name="ConstrsType" Val="XDC"/>
    </Config>
  </FileSet>
  <FileSet Name="utils" Type="Utils" RelSrcDir="$PSRCDIR/utils_1">
    <Filter Type="Utils"/>
    <Config>
      <Option Name="TopAutoSet" Val="TRUE"/>
    </Config>
  </FileSet>
  <Strategy Version="1" Minor="2">
    <StratHandle Name="Vivado Synthesis Defaults" Flow="Vivado Synthesis 2020">
      <Desc>Vivado Synthesis Defaults</Desc>
    </StratHandle>
    <Step Id="synth_design"/>
  </Strategy>
</GenRun>
