<?xml version="1.0" encoding="UTF-8"?>
<GenRun Id="impl_1" LaunchPart="xc7a35tcpg236-1" LaunchTime="1764143086">
  <File Type="BITSTR-BMM" Name="VGA_RGB_Controller_bd.bmm"/>
  <File Type="OPT-METHODOLOGY-DRC" Name="VGA_RGB_Controller_methodology_drc_opted.rpt"/>
  <File Type="INIT-TIMING" Name="VGA_RGB_Controller_timing_summary_init.rpt"/>
  <File Type="ROUTE-PWR" Name="VGA_RGB_Controller_power_routed.rpt"/>
  <File Type="PA-TCL" Name="VGA_RGB_Controller.tcl"/>
  <File Type="OPT-TIMING" Name="VGA_RGB_Controller_timing_summary_opted.rpt"/>
  <File Type="OPT-DCP" Name="VGA_RGB_Controller_opt.dcp"/>
  <File Type="ROUTE-PWR-SUM" Name="VGA_RGB_Controller_power_summary_routed.pb"/>
  <File Type="REPORTS-TCL" Name="VGA_RGB_Controller_reports.tcl"/>
  <File Type="OPT-DRC" Name="VGA_RGB_Controller_drc_opted.rpt"/>
  <File Type="OPT-HWDEF" Name="VGA_RGB_Controller.hwdef"/>
  <File Type="PWROPT-DCP" Name="VGA_RGB_Controller_pwropt.dcp"/>
  <File Type="PWROPT-DRC" Name="VGA_RGB_Controller_drc_pwropted.rpt"/>
  <File Type="PWROPT-TIMING" Name="VGA_RGB_Controller_timing_summary_pwropted.rpt"/>
  <File Type="PLACE-DCP" Name="VGA_RGB_Controller_placed.dcp"/>
  <File Type="PLACE-IO" Name="VGA_RGB_Controller_io_placed.rpt"/>
  <File Type="PLACE-CLK" Name="VGA_RGB_Controller_clock_utilization_placed.rpt"/>
  <File Type="PLACE-UTIL" Name="VGA_RGB_Controller_utilization_placed.rpt"/>
  <File Type="PLACE-UTIL-PB" Name="VGA_RGB_Controller_utilization_placed.pb"/>
  <File Type="PLACE-CTRL" Name="VGA_RGB_Controller_control_sets_placed.rpt"/>
  <File Type="PLACE-SIMILARITY" Name="VGA_RGB_Controller_incremental_reuse_placed.rpt"/>
  <File Type="PLACE-PRE-SIMILARITY" Name="VGA_RGB_Controller_incremental_reuse_pre_placed.rpt"/>
  <File Type="PLACE-TIMING" Name="VGA_RGB_Controller_timing_summary_placed.rpt"/>
  <File Type="POSTPLACE-PWROPT-DCP" Name="VGA_RGB_Controller_postplace_pwropt.dcp"/>
  <File Type="BG-BIN" Name="VGA_RGB_Controller.bin"/>
  <File Type="POSTPLACE-PWROPT-TIMING" Name="VGA_RGB_Controller_timing_summary_postplace_pwropted.rpt"/>
  <File Type="PHYSOPT-DCP" Name="VGA_RGB_Controller_physopt.dcp"/>
  <File Type="PHYSOPT-DRC" Name="VGA_RGB_Controller_drc_physopted.rpt"/>
  <File Type="BITSTR-MSK" Name="VGA_RGB_Controller.msk"/>
  <File Type="PHYSOPT-TIMING" Name="VGA_RGB_Controller_timing_summary_physopted.rpt"/>
  <File Type="ROUTE-ERROR-DCP" Name="VGA_RGB_Controller_routed_error.dcp"/>
  <File Type="ROUTE-DCP" Name="VGA_RGB_Controller_routed.dcp"/>
  <File Type="ROUTE-BLACKBOX-DCP" Name="VGA_RGB_Controller_routed_bb.dcp"/>
  <File Type="ROUTE-DRC" Name="VGA_RGB_Controller_drc_routed.rpt"/>
  <File Type="ROUTE-DRC-PB" Name="VGA_RGB_Controller_drc_routed.pb"/>
  <File Type="ROUTE-DRC-RPX" Name="VGA_RGB_Controller_drc_routed.rpx"/>
  <File Type="BITSTR-MMI" Name="VGA_RGB_Controller.mmi"/>
  <File Type="ROUTE-METHODOLOGY-DRC" Name="VGA_RGB_Controller_methodology_drc_routed.rpt"/>
  <File Type="ROUTE-METHODOLOGY-DRC-RPX" Name="VGA_RGB_Controller_methodology_drc_routed.rpx"/>
  <File Type="ROUTE-METHODOLOGY-DRC-PB" Name="VGA_RGB_Controller_methodology_drc_routed.pb"/>
  <File Type="ROUTE-PWR-RPX" Name="VGA_RGB_Controller_power_routed.rpx"/>
  <File Type="ROUTE-STATUS" Name="VGA_RGB_Controller_route_status.rpt"/>
  <File Type="ROUTE-STATUS-PB" Name="VGA_RGB_Controller_route_status.pb"/>
  <File Type="ROUTE-TIMINGSUMMARY" Name="VGA_RGB_Controller_timing_summary_routed.rpt"/>
  <File Type="ROUTE-TIMING-PB" Name="VGA_RGB_Controller_timing_summary_routed.pb"/>
  <File Type="ROUTE-TIMING-RPX" Name="VGA_RGB_Controller_timing_summary_routed.rpx"/>
  <File Type="ROUTE-SIMILARITY" Name="VGA_RGB_Controller_incremental_reuse_routed.rpt"/>
  <File Type="ROUTE-CLK" Name="VGA_RGB_Controller_clock_utilization_routed.rpt"/>
  <File Type="ROUTE-BUS-SKEW" Name="VGA_RGB_Controller_bus_skew_routed.rpt"/>
  <File Type="ROUTE-BUS-SKEW-PB" Name="VGA_RGB_Controller_bus_skew_routed.pb"/>
  <File Type="ROUTE-BUS-SKEW-RPX" Name="VGA_RGB_Controller_bus_skew_routed.rpx"/>
  <File Type="POSTROUTE-PHYSOPT-DCP" Name="VGA_RGB_Controller_postroute_physopt.dcp"/>
  <File Type="POSTROUTE-PHYSOPT-BLACKBOX-DCP" Name="VGA_RGB_Controller_postroute_physopt_bb.dcp"/>
  <File Type="POSTROUTE-PHYSOPT-TIMING" Name="VGA_RGB_Controller_timing_summary_postroute_physopted.rpt"/>
  <File Type="POSTROUTE-PHYSOPT-TIMING-PB" Name="VGA_RGB_Controller_timing_summary_postroute_physopted.pb"/>
  <File Type="POSTROUTE-PHYSOPT-TIMING-RPX" Name="VGA_RGB_Controller_timing_summary_postroute_physopted.rpx"/>
  <File Type="POSTROUTE-PHYSOPT-BUS-SKEW" Name="VGA_RGB_Controller_bus_skew_postroute_physopted.rpt"/>
  <File Type="POSTROUTE-PHYSOPT-BUS-SKEW-PB" Name="VGA_RGB_Controller_bus_skew_postroute_physopted.pb"/>
  <File Type="BG-BIT" Name="VGA_RGB_Controller.bit"/>
  <File Type="POSTROUTE-PHYSOPT-BUS-SKEW-RPX" Name="VGA_RGB_Controller_bus_skew_postroute_physopted.rpx"/>
  <File Type="BITSTR-RBT" Name="VGA_RGB_Controller.rbt"/>
  <File Type="BITSTR-NKY" Name="VGA_RGB_Controller.nky"/>
  <File Type="PDI-FILE" Name="VGA_RGB_Controller.pdi"/>
  <File Type="RCFI_FILE" Name="VGA_RGB_Controller.rcfi"/>
  <File Type="CFI_FILE" Name="VGA_RGB_Controller.cfi"/>
  <File Type="RNPI_FILE" Name="VGA_RGB_Controller.rnpi"/>
  <File Type="NPI_FILE" Name="VGA_RGB_Controller.npi"/>
  <File Type="RBD_FILE" Name="VGA_RGB_Controller.rbd"/>
  <File Type="BITSTR-LTX" Name="debug_nets.ltx"/>
  <File Type="BITSTR-LTX" Name="VGA_RGB_Controller.ltx"/>
  <File Type="BITSTR-SYSDEF" Name="VGA_RGB_Controller.sysdef"/>
  <File Type="BG-BGN" Name="VGA_RGB_Controller.bgn"/>
  <File Type="BG-DRC" Name="VGA_RGB_Controller.drc"/>
  <File Type="RDI-RDI" Name="VGA_RGB_Controller.vdi"/>
  <File Type="WBT-USG" Name="usage_statistics_webtalk.html"/>
  <FileSet Name="sources" Type="DesignSrcs" RelSrcDir="$PSRCDIR/sources_1" RelGenDir="$PGENDIR/sources_1">
    <Filter Type="Srcs"/>
    <File Path="$PSRCDIR/sources_1/imports/Desktop/ImgMemReader.sv">
      <FileInfo>
        <Attr Name="ImportPath" Val="C:/Users/kccistc/Documents/카카오톡 받은 파일/project_snake_game.srcs/project_snake_game.srcs/sources_1/imports/Desktop/ImgMemReader.sv"/>
        <Attr Name="ImportTime" Val="1764134192"/>
        <Attr Name="UsedIn" Val="synthesis"/>
        <Attr Name="UsedIn" Val="implementation"/>
        <Attr Name="UsedIn" Val="simulation"/>
      </FileInfo>
    </File>
    <File Path="$PSRCDIR/sources_1/imports/Desktop/ImgROM.sv">
      <FileInfo>
        <Attr Name="ImportPath" Val="C:/Users/kccistc/Documents/카카오톡 받은 파일/project_snake_game.srcs/project_snake_game.srcs/sources_1/imports/Desktop/ImgROM.sv"/>
        <Attr Name="ImportTime" Val="1764134310"/>
        <Attr Name="UsedIn" Val="synthesis"/>
        <Attr Name="UsedIn" Val="implementation"/>
        <Attr Name="UsedIn" Val="simulation"/>
      </FileInfo>
    </File>
    <File Path="$PSRCDIR/sources_1/imports/Desktop/SnakeBoardMapper.sv">
      <FileInfo>
        <Attr Name="ImportPath" Val="C:/Users/kccistc/Documents/카카오톡 받은 파일/project_snake_game.srcs/project_snake_game.srcs/sources_1/imports/Desktop/SnakeBoardMapper.sv"/>
        <Attr Name="ImportTime" Val="1764131908"/>
        <Attr Name="UsedIn" Val="synthesis"/>
        <Attr Name="UsedIn" Val="implementation"/>
        <Attr Name="UsedIn" Val="simulation"/>
      </FileInfo>
    </File>
    <File Path="$PSRCDIR/sources_1/imports/Desktop/SnakesLaddersGameCore.sv">
      <FileInfo>
        <Attr Name="ImportPath" Val="C:/Users/kccistc/Documents/카카오톡 받은 파일/project_snake_game.srcs/project_snake_game.srcs/sources_1/imports/Desktop/SnakesLaddersGameCore.sv"/>
        <Attr Name="ImportTime" Val="1764131918"/>
        <Attr Name="UsedIn" Val="synthesis"/>
        <Attr Name="UsedIn" Val="implementation"/>
        <Attr Name="UsedIn" Val="simulation"/>
      </FileInfo>
    </File>
    <File Path="$PSRCDIR/sources_1/imports/Desktop/VGA_Decoder.sv">
      <FileInfo>
        <Attr Name="ImportPath" Val="C:/Users/kccistc/Documents/카카오톡 받은 파일/project_snake_game.srcs/project_snake_game.srcs/sources_1/imports/Desktop/VGA_Decoder.sv"/>
        <Attr Name="ImportTime" Val="1764133694"/>
        <Attr Name="UsedIn" Val="synthesis"/>
        <Attr Name="UsedIn" Val="implementation"/>
        <Attr Name="UsedIn" Val="simulation"/>
      </FileInfo>
    </File>
    <File Path="$PSRCDIR/sources_1/imports/Desktop/VGA_Renderer.sv">
      <FileInfo>
        <Attr Name="ImportPath" Val="C:/Users/kccistc/Documents/카카오톡 받은 파일/project_snake_game.srcs/project_snake_game.srcs/sources_1/imports/Desktop/VGA_Renderer.sv"/>
        <Attr Name="ImportTime" Val="1764137930"/>
        <Attr Name="UsedIn" Val="synthesis"/>
        <Attr Name="UsedIn" Val="implementation"/>
        <Attr Name="UsedIn" Val="simulation"/>
      </FileInfo>
    </File>
    <File Path="$PSRCDIR/sources_1/new/btn_debounce.sv">
      <FileInfo>
        <Attr Name="UsedIn" Val="synthesis"/>
        <Attr Name="UsedIn" Val="implementation"/>
        <Attr Name="UsedIn" Val="simulation"/>
      </FileInfo>
    </File>
    <File Path="$PSRCDIR/sources_1/imports/Desktop/pclk_gen.sv">
      <FileInfo>
        <Attr Name="ImportPath" Val="C:/Users/kccistc/Documents/카카오톡 받은 파일/project_snake_game.srcs/project_snake_game.srcs/sources_1/imports/Desktop/pclk_gen.sv"/>
        <Attr Name="ImportTime" Val="1764131942"/>
        <Attr Name="UsedIn" Val="synthesis"/>
        <Attr Name="UsedIn" Val="implementation"/>
        <Attr Name="UsedIn" Val="simulation"/>
      </FileInfo>
    </File>
    <File Path="$PSRCDIR/sources_1/new/shake_effact.sv">
      <FileInfo>
        <Attr Name="UsedIn" Val="synthesis"/>
        <Attr Name="UsedIn" Val="implementation"/>
        <Attr Name="UsedIn" Val="simulation"/>
      </FileInfo>
    </File>
    <File Path="$PSRCDIR/sources_1/imports/Desktop/VGA_RGB_Controller.sv">
      <FileInfo>
        <Attr Name="ImportPath" Val="C:/Users/kccistc/Documents/카카오톡 받은 파일/project_snake_game.srcs/project_snake_game.srcs/sources_1/imports/Desktop/VGA_RGB_Controller.sv"/>
        <Attr Name="ImportTime" Val="1764136074"/>
        <Attr Name="UsedIn" Val="synthesis"/>
        <Attr Name="UsedIn" Val="implementation"/>
        <Attr Name="UsedIn" Val="simulation"/>
      </FileInfo>
    </File>
    <File Path="$PSRCDIR/sources_1/imports/Desktop/frame_buffer.sv">
      <FileInfo>
        <Attr Name="AutoDisabled" Val="1"/>
        <Attr Name="ImportPath" Val="C:/Users/kccistc/Documents/카카오톡 받은 파일/project_snake_game.srcs/project_snake_game.srcs/sources_1/imports/Desktop/frame_buffer.sv"/>
        <Attr Name="ImportTime" Val="1764131970"/>
        <Attr Name="UsedIn" Val="synthesis"/>
        <Attr Name="UsedIn" Val="implementation"/>
        <Attr Name="UsedIn" Val="simulation"/>
      </FileInfo>
    </File>
    <File Path="$PSRCDIR/sources_1/imports/Desktop/snake.mem">
      <FileInfo>
        <Attr Name="ImportPath" Val="C:/Users/kccistc/Documents/카카오톡 받은 파일/project_snake_game.srcs/project_snake_game.srcs/sources_1/imports/Desktop/snake.mem"/>
        <Attr Name="ImportTime" Val="1764131952"/>
        <Attr Name="UsedIn" Val="synthesis"/>
        <Attr Name="UsedIn" Val="simulation"/>
      </FileInfo>
    </File>
    <Config>
      <Option Name="DesignMode" Val="RTL"/>
      <Option Name="TopModule" Val="VGA_RGB_Controller"/>
      <Option Name="TopAutoSet" Val="TRUE"/>
    </Config>
  </FileSet>
  <FileSet Name="constrs_in" Type="Constrs" RelSrcDir="$PSRCDIR/constrs_1">
    <Filter Type="Constrs"/>
    <File Path="$PSRCDIR/constrs_1/imports/sources_1/MY_Basys-3-Master.xdc">
      <FileInfo>
        <Attr Name="ImportPath" Val="C:/Users/kccistc/Documents/카카오톡 받은 파일/project_snake_game.srcs/project_snake_game.srcs/constrs_1/imports/sources_1/MY_Basys-3-Master.xdc"/>
        <Attr Name="ImportTime" Val="1764136066"/>
        <Attr Name="UsedIn" Val="synthesis"/>
        <Attr Name="UsedIn" Val="implementation"/>
      </FileInfo>
    </File>
    <Config>
      <Option Name="ConstrsType" Val="XDC"/>
    </Config>
  </FileSet>
  <FileSet Name="utils" Type="Utils" RelSrcDir="$PSRCDIR/utils_1">
    <Filter Type="Utils"/>
    <Config>
      <Option Name="TopAutoSet" Val="TRUE"/>
    </Config>
  </FileSet>
  <Strategy Version="1" Minor="2">
    <StratHandle Name="Vivado Implementation Defaults" Flow="Vivado Implementation 2020">
      <Desc>Default settings for Implementation.</Desc>
    </StratHandle>
    <Step Id="init_design"/>
    <Step Id="opt_design"/>
    <Step Id="power_opt_design"/>
    <Step Id="place_design"/>
    <Step Id="post_place_power_opt_design"/>
    <Step Id="phys_opt_design"/>
    <Step Id="route_design"/>
    <Step Id="post_route_phys_opt_design"/>
    <Step Id="write_bitstream"/>
  </Strategy>
</GenRun>
